Nombre,Codigo,Activo,Fecha creacion
"ABRACOL",,No,2026-05-18
"ALUM-WARE PRODUCTOS",,No,2026-04-06
"AMANCO",,No,2026-04-14
"AQUACORP",,No,2026-05-12
"ARCELORMITTAL COSTA RICA S.A",,No,2026-04-30
"ASSA ABLOY",,No,2026-04-06
"AUDIO ACCESORIOS",,No,2026-04-01
"AUTOREPUESTOS",,No,2026-04-07
"BAMERICA",,No,2026-04-09
"BANDERAS EL MUNDO",,No,2026-05-18
"BEST HARDWARE BUY CORP. BHB - USA",,No,2026-04-14
"BESTWAY ENTERPRISE COMPANY LIMITED",,No,2026-04-14
"BIA ALAMBRES",,No,2026-04-13
"BINTER TRADE",,No,2026-06-03
"BITUPLAST CA",,No,2026-04-21
"BOSCH",,No,2026-04-09
"BTICINO",,No,2026-03-30
"CELOVEN C.A",,No,2026-04-06
"CENTRAL PAPER AND SUPPLIES SA",,No,2026-04-13
"CERAMICAS MONFOCAR SL",,No,2026-04-09
"CHANGXING XINGREN IMP AND EXP CO., LTD",,No,2026-04-14
"CHIN HUEI PLASTIC INDUSTRIAL JOINT STOCK",,No,2026-04-29
"CLEVA INTERNATIONAL TRADING LIMITED",,No,2026-04-14
"COFLEX",,No,2026-01-15
"COFLEX MX",,No,2026-04-29
"COMERCIAL OR Y CIA LTDA",,No,2026-04-13
"COMERCIALIZADORA AGRO J.S.",,No,2026-04-06
"COMERCIALIZADORA DAOX",,No,2026-04-16
"COMERCIALIZADORA INTERNACIONAL SMART PRO",,No,2026-04-14
"COMERCIALIZADORA YANLI",,No,2026-04-06
"CONDUCEN",,No,2026-03-30
"CONSOLIDADO MEXICO",,No,2026-04-10
"CONSOLIDADO PANAMÁ",,No,2026-04-23
"CONSOLIDADO-ZONA FRANCA",,No,2026-04-23
"CORPORACION 2416 LLC (ITALY)",,No,2026-04-14
"CORPORACIÓN KORCLASS",,No,2026-04-06
"CORRUGADOS SAN BOSCO",,No,2026-04-13
"CORTINEROS LIDER S.A.S.",,No,2026-04-14
"CRUZ VERDE",,No,2026-04-01
"DEFCA PURISCAL SRL",,No,2026-04-22
"DELTA PLUS",,No,2026-04-06
"DELTA PLUS CENTROAMERICA SA",,No,2026-04-14
"DINGZHOU YIKANG METAL PRODUCTOS CO,. LTD",,No,2026-04-14
"DISORCA C.A",,No,2026-04-06
"DIST. 33 FERREXPRESS",,No,2026-04-06
"DIST. FIMASKA, C.A.",,No,2026-04-06
"DISTORBERA S.R.L",,No,2026-04-06
"DISTRIBUCIONES GLOBALES",,No,2026-03-30
"DISTRIBUIDORA EL KIT DEL PINTOR",,No,2026-04-06
"DNTX CORP",,No,2026-04-23
"DONGYANGHANGXIAO ELECTRICAL APPLIANCO CO",,No,2026-04-14
"DR HOUSE",,No,2026-05-18
"EAGLE",,No,2026-01-16
"EAGLE CD",,No,2026-04-22
"ECOCIELOS Y ESTRUCTURAS",,No,2026-04-21
"EINHELL",,No,2026-04-01
"EL ALMENDRO",,No,2026-04-29
"EL ORBE",,No,2026-04-15
"ELECTROINDUSTRIAL",,No,2026-05-18
"ELECTRONICA STEREN",,No,2026-04-14
"EMASALCORP DE COSTA RICA S.A",,No,2026-04-29
"EMBALAJES CEMUSA",,No,2026-04-14
"EMILIO VALVERDE",,No,2026-05-06
"EMPAQUES PLÁSTICOS LTDA EMPLAST",,No,2026-04-21
"EQUIPOS DE SALUD OCUPACIONAL",,No,2026-05-18
"ESPARTACO",,No,2026-04-07
"FABRICA DE CABOS PARA HERRAMIENTAS DE LUCA",,No,2026-04-06
"FABRICA DE PLASTICOS",,No,2026-04-06
"FACENIL",,No,2026-04-29
"FERRETERIA EPA",,No,2026-05-05
"FERRETERIA MACHO",,No,2026-04-10
"FERRETERIA VIRTUAL",,No,2026-04-09
"FERRETETIA EPA",,No,2026-04-10
"FIBRAS DE CENTROAMERICA",,No,2026-05-04
"GARABITO COMERCIAL",,No,2026-04-07
"GBR CORPORATION LTD.",,No,2026-04-06
"GENTE GENERACION DE TECNOLOGIA CA",,No,2026-04-13
"GERDAU METALDOM",,No,2026-04-06
"GERMANTEC",,No,2026-03-30
"GLOBAL LIGHTING SOLUTION",,No,2026-04-14
"GLOBALMARKET ENTERPRISE S.A.",,No,2026-04-14
"GLOBALOR",,No,2026-03-30
"GMT TIMBER EXPORT",,No,2026-04-17
"GOLDEN PLASTIC",,No,2026-04-10
"GRIFOCENTRO",,No,2026-04-06
"GRUPO UNILUX",,No,2026-04-16
"GUANDONG SHUNDE BULTON IMP & EXP CO LTD",,No,2026-04-14
"GUILIN LOVEHOME HOUSEHOLD ARTICLES COLTD",,No,2026-04-14
"HANGZHOU ANAKO IMPORT AND EXPORT CO.,LTD",,No,2026-04-14
"HANGZHOU GREAT STAR INDUSTRIAL CO.,LTD.",,No,2026-04-14
"HANGZHOU JUKINGS TECH CO,. LTD",,No,2026-04-14
"HANGZHOU PROSTAR ENTERPRISES LTD.",,No,2026-04-14
"HANGZHOU TIANYUAN PET PRODUCTS CO,LTD",,No,2026-04-14
"HANGZHOU UNI-HOSEN ELECTROMECHICAL TOOLS CO.,LTD.",,No,2026-04-14
"HAOBANG HOMEWARE CO.,LIMITED",,No,2026-04-14
"HARMONY",,No,2026-01-21
"HARRY HYMAN & SON INC TOW",,No,2026-04-06
"HARRY HYMAN & SON INC TOWNSEND",,No,2026-05-25
"HENKEL",,No,2026-03-30
"HENKEL CD EPA",,No,2026-05-13
"HERRAJES ALFA",,No,2026-04-06
"HIDROTICA",,No,2026-04-14
"HOGARTEX",,No,2026-04-14
"HOGGAN",,No,2026-04-14
"IDEAS PROMOCIONALES, C.A.",,No,2026-04-14
"IGLOO PRODUCTS CORPORATION",,No,2026-04-14
"IMACASA",,No,2026-05-07
"IMPORTACIONES CAMPOS RUDIN",,No,2026-04-08
"IMPORTACIONES SALAZAR",,No,2026-04-01
"IMPORTADORA CIRCASIA",,No,2026-04-07
"INCESA STANDAR",,No,2026-04-16
"INDUSTRIAS SANCHIA S.A",,No,2026-04-01
"INTACO",,No,2026-04-14
"INTCOMEX COSTA RICA MAYORISTA EN EQUIPO DE COMPUTO S.A.",,No,2026-05-13
"INTERBARTE",,No,2026-04-01
"INTERPORT",,No,2026-01-21
"JIANGMEN DEFIBASE IMPORT AND EXPORT CO., LTD",,No,2026-04-14
"JIANGMEN JINRONG TECHNOLOGY CO.,LTD.",,No,2026-04-10
"JINNUO INDUSTRY (HK) CO., LIMITED",,No,2026-04-14
"LA PALMA REAL",,No,2026-04-06
"LATIN TRADING",,No,2026-04-20
"LINCOLN",,No,2026-04-10
"LORENZETTI",,No,2026-04-21
"LUMICENTRO INTERNACIONAL, INC",,No,2026-04-14
"MADERAS CULTIVADAS",,No,2026-03-23
"MADERISA DEL ESTE",,No,2026-04-21
"MAFECA",,No,2026-04-24
"MAT CHINA",,No,2026-04-01
"MC LOGISTICA",,No,2026-05-05
"MEDITERRÁNEA DE PRODUCTOS DE LIMPIEZA S.R.L.",,No,2026-04-14
"MERCANTIL",,No,2026-05-18
"METALCO",,No,2026-03-30
"METALES PERFEX",,No,2026-04-07
"MEXICHEM",,No,2026-03-30
"MONDO KIWI, C.A",,No,2026-04-06
"MORE PRODUCTS S.A.S",,No,2026-04-14
"MOSERPLAS, C.A.",,No,2026-04-06
"MOVEIS CARRARO",,No,2026-04-24
"MUEBLE INDUSTRIA DEL PLÁSTICO",,No,2026-04-23
"MULTISUMINISTROS DE COSTA RICA SA",,Sí,2026-05-20
"MULTISERVICIO VISE",,No,2026-04-20
"MUNDOREP",,No,2026-04-07
"MUNSO",,No,2026-04-09
"NANTONG OSIMAN PLASTIC CO.,LTD",,No,2026-04-14
"NANTONG WELFOAM TEXTILE CO LTD",,No,2026-04-14
"NELLYS COROMOTO RAMIREZ",,No,2026-04-06
"NIKOLAOU S.A",,No,2026-05-06
"NINGBO AOTIAN ELECTRICAL APPLIANCES CO L",,No,2026-04-14
"NINGBO BEDA HOME DECORATION LTD",,No,2026-04-14
"NINGBO KONWIN ELECTRICAL APPLIANCE CO.,L",,No,2026-04-14
"NINGBO METALIQUE HOME SUPPLIES CO.,LTD",,No,2026-04-14
"NINGBO NEW GRAND VIEW IMP. & EXP.CO.,LTD",,No,2026-04-14
"NINGBO SAFESMART",,No,2026-04-06
"NINGBO SONLUK ENERGY I/E CO., LTD.",,No,2026-04-14
"NORTH STATES INDUSTRIES - ORGILL",,No,2026-05-18
"NOVATECNIA",,No,2026-05-06
"OKAY LOCK MANUFACTURE CO.,LIMITED",,No,2026-04-14
"ORDENE S.A",,No,2026-04-08
"OT-FOSHAN SILVER WING OUTDOOR PRODUCTS CO LTD",,No,2026-04-14
"PACKLAB",,No,2026-05-08
"PANACOR",,No,2026-05-28
"PAVCO DE VENEZUELA, S.A. (PAVCO DE VENEZUELA SA )",,No,2026-04-13
"PIEDRAS Y LAJAS",,No,2026-05-08
"PINOS DE OCCIDENTE",,No,2026-04-06
"PLASTIC CENTER",,No,2026-04-16
"PLASTIC TRENDS S.A.P.I. DE C.V.",,No,2026-04-29
"PLASTICOS ALTAMONTES",,No,2026-04-30
"PLASTICOS MOLDEADOS DECOCAR",,No,2026-04-06
"PLASTICOS MQ",,No,2026-04-14
"PLÁSTICOS MQ",,No,2026-04-10
"PLYCEM",,No,2026-05-13
"POLYCAR DE MEXICO S.A DE C.V",,No,2026-04-29
"PRODUCTOS DE CONCRETO",,No,2026-05-08
"PRODUCTOS DE SEGURIDAD (PRODUSCA)",,No,2026-04-06
"PRODUCTOS LUBRICANTES",,No,2026-04-10
"PRODUCTOS PLÁSTICOS SIRENA",,No,2026-04-27
"PROSISA",,No,2026-05-04
"PUERTAS GS Y MUEBLES DEL MUNDO S.A",,No,2026-05-05
"QINGDAO TONGFENGHE PACKAGING CO., LTD",,No,2026-04-14
"QUIMICAS VICTORIA C.A",,No,2026-04-06
"QUIMICOLOR C.A",,No,2026-04-06
"R R DONELLEY",,No,2026-04-15
"R.R DONNELLY",,No,2026-04-08
"RAIYUAN INDUSTRIAL LIMITED",,No,2026-04-14
"REPRESENTACIONES WALVEN 3006, C.A.",,No,2026-04-13
"REPRESENTANTES E INDUSTRIALES (REINCO)",,No,2026-05-18
"RICHELIEU KITCHENER A DIV. (CHINA)",,No,2026-04-14
"RIDGO DE VENEZUELA",,No,2026-05-03
"RIMAX",,No,2026-04-14
"RMR MAQUINARIA",,No,2026-03-30
"SCHNEIDER",,No,2026-01-15
"SERVICA",,No,2026-01-21
"SHIJIAZHUANG FAR EAST IMPORT & EXPORT TR",,No,2026-04-06
"SINCEROO GROUP CO., LIMITED",,No,2026-04-14
"SOLUCIONES ECOLOGICAS",,No,2026-03-30
"SOLUCIONES ELECTRICAS LUJAMA, S.A",,No,2026-05-05
"SOLUPACK",,No,2026-05-18
"STANLEY BLACK & DECKER",,No,2026-04-10
"SUMICOMP",,No,2026-03-23
"SUMINISTROS FERRETEROS IN",J304235496,Sí,2026-08-05
"SUMITODO",,No,2026-04-09
"SUPLIDORA DE JARDINES",,No,2026-04-07
"SUPLISERVICIOS",,No,2026-04-28
"SUR QUIMICA",,No,2026-03-30
"SURAMERICA TRADING CORP",,No,2026-05-13
"TAIZHOU YOUMI HOMELIVING CO LTD",,No,2026-04-14
"TANGSHAN HENGER IMPORT&EXPORT TRADING CO",,No,2026-04-14
"TARIMAS ECOLOGICAS",,No,2026-04-08
"TECNIGYPSUM",,No,2026-04-17
"TERMOENCOGIBLES",,No,2026-04-06
"TESSA",,No,2026-04-10
"THERMOSOLUTIONS GROUP S.A.",,No,2026-05-13
"TIANJIN HUIZHONG IMPORT AND EXPORT TRADE CO.,LTD",,No,2026-04-14
"TRES ASES",,No,2026-01-21
"TRES M",,No,2026-03-30
"TRESM CD EPA",,No,2026-04-29
"TREXA, C.A",,No,2026-04-06
"TRICAL DE VENEZUELA C.A",,No,2026-04-06
"TUBERIAS RIGIDAS DE PVC (TUBRICA)",,No,2026-04-06
"UNIEMPAQUES",,No,2026-03-30
"UNION HOME CO LTD",,No,2026-04-14
"UNIVERSAL DE TORNILLOS",,No,2026-03-27
"VALPACKING C.A",,No,2026-04-06
"VECTOR CUATRO DAER S.A",,No,2026-04-20
"VENCERAMICA",,No,2026-04-06
"VENEZOLANA DE COBERTURAS",,No,2026-04-06
"VICSON S.A",,No,2026-04-06
"WAVIN",,No,2026-04-10
"WIDER TOP HOLDINGS LTD.",,No,2026-04-14
"WOODPECKER",,No,2026-03-23
"WUHU XINGDIAN INDUSTRY CO., LTD",,No,2026-04-14
"XIAMEN SUPER STAR ARTS AND CRAFTS CO., L",,No,2026-04-14
"YONGKANG HONGGANG INDUSTRY & TRADE CO., LTD",,No,2026-04-14
"ZHANGZHOU WANHUI SANITARY WARE CO.,LTD",,No,2026-04-14
"ZHEJIANG DONGRUI INDUSTRIAL AND TRADING",,No,2026-04-06
"ZHEJIANG LINXIANG PLASTIC CO.,LTD",,No,2026-04-14
"ZHEJIANG YIMEI TECHNOLOGY CO.,LTD.",,No,2026-04-07